<?xml version="1.0" encoding="UTF-8"standalone="no"?>

<SessionList>
    <Session>
        <Course>SDJ</Course>
        <Class>1Y</Class>
        <Teachers>SVA,</Teachers>
        <Date>13/12/2021</Date>
        <WeekDay>MONDAY</WeekDay>
        <StartTime>8:20</StartTime>
        <NumberOfLessons>4</NumberOfLessons>
        <EndTime>11:50</EndTime>
        <Room>C05.15</Room>
    </Session>
    <Session>
        <Course>RWD</Course>
        <Class>1Y</Class>
        <Teachers>LILE,</Teachers>
        <Date>13/12/2021</Date>
        <WeekDay>TUESDAY</WeekDay>
        <StartTime>9:15</StartTime>
        <NumberOfLessons>4</NumberOfLessons>
        <EndTime>10:10</EndTime>
        <Room>C05.15</Room>
    </Session>
    <Session>
        <Course>DMA</Course>
        <Class>1Y</Class>
        <Teachers>SVA,</Teachers>
        <Date>13/12/2021</Date>
        <WeekDay>WEDNESDAY</WeekDay>
        <StartTime>16:25</StartTime>
        <NumberOfLessons>2</NumberOfLessons>
        <EndTime>11:50</EndTime>
        <Room>C05.15</Room>
    </Session>
    <Session>
        <Course>SEP</Course>
        <Class>1Y</Class>
        <Teachers>MONA,</Teachers>
        <Date>13/12/2021</Date>
        <WeekDay>FRIDAY</WeekDay>
        <StartTime>8:20</StartTime>
        <NumberOfLessons>4</NumberOfLessons>
        <EndTime>11:50</EndTime>
        <Room>C05.15</Room>
    </Session>
    
</SessionList>
